{"cameraMode":{"drawMode":0,"name":"Shaded","section":"Shading Mode"},"sceneLighting":true,"audioPlay":false,"sceneViewState":{"showFog":true,"showMaterialUpdate":false,"showSkybox":true,"showFlares":true,"showImageEffects":true,"showParticleSystems":true},"in2DMode":false,"pivot":{"x":6.4166717529296879,"y":-3.0221385955810549,"z":-9.97440242767334},"rotation":{"x":-0.20259864628314973,"y":-0.7278015613555908,"z":0.24227148294448853,"w":-0.6087868809700012},"size":12.623088836669922,"orthographic":false}