{"cameraMode":{"drawMode":0,"name":"Shaded","section":"Shading Mode"},"sceneLighting":true,"audioPlay":false,"sceneViewState":{"showFog":true,"showMaterialUpdate":false,"showSkybox":true,"showFlares":true,"showImageEffects":true,"showParticleSystems":true},"in2DMode":false,"pivot":{"x":47.9798583984375,"y":0.648406982421875,"z":-28.982688903808595},"rotation":{"x":0.02160697989165783,"y":-0.9696493148803711,"z":0.2253049612045288,"w":0.09280043840408325},"size":46.84128952026367,"orthographic":false}