{"cameraMode":{"drawMode":0,"name":"Shaded","section":"Shading Mode"},"sceneLighting":true,"audioPlay":false,"sceneViewState":{"showFog":true,"showMaterialUpdate":false,"showSkybox":true,"showFlares":true,"showImageEffects":true,"showParticleSystems":true},"in2DMode":false,"pivot":{"x":-5.58683967590332,"y":0.7828752994537354,"z":9.842681884765625},"rotation":{"x":-0.21305154263973237,"y":-0.5689804553985596,"z":0.15563103556632996,"w":-0.7788859009742737},"size":4.015816688537598,"orthographic":false}