{"cameraMode":{"drawMode":0,"name":"Shaded","section":"Shading Mode"},"sceneLighting":true,"audioPlay":false,"sceneViewState":{"showFog":true,"showMaterialUpdate":false,"showSkybox":true,"showFlares":true,"showImageEffects":true,"showParticleSystems":true},"in2DMode":false,"pivot":{"x":-3.900089740753174,"y":3.642241954803467,"z":95.16706848144531},"rotation":{"x":-0.25208619236946108,"y":-0.5498378872871399,"z":0.17817948758602143,"w":-0.7761958241462708},"size":5.459054470062256,"orthographic":false}