{"cameraMode":{"drawMode":0,"name":"Shaded","section":"Shading Mode"},"sceneLighting":false,"audioPlay":false,"sceneViewState":{"showFog":true,"showMaterialUpdate":false,"showSkybox":false,"showFlares":true,"showImageEffects":true,"showParticleSystems":true},"in2DMode":false,"pivot":{"x":5.44952392578125,"y":5.866803169250488,"z":80.90365600585938},"rotation":{"x":-0.3025749921798706,"y":0.10435422509908676,"z":-0.033382587134838107,"w":-0.9468427896499634},"size":6.633755683898926,"orthographic":false}