{"cameraMode":{"drawMode":0,"name":"Shaded","section":"Shading Mode"},"sceneLighting":true,"audioPlay":false,"sceneViewState":{"showFog":true,"showMaterialUpdate":false,"showSkybox":true,"showFlares":true,"showImageEffects":true,"showParticleSystems":true},"in2DMode":false,"pivot":{"x":-2.115633964538574,"y":5.288954734802246,"z":91.92971801757813},"rotation":{"x":-0.27718785405158999,"y":-0.3664661645889282,"z":0.11507456749677658,"w":-0.8807487487792969},"size":8.541115760803223,"orthographic":false}